{"cameraMode":{"drawMode":0,"name":"Shaded","section":"Shading Mode"},"sceneLighting":false,"audioPlay":false,"sceneViewState":{"showFog":true,"showMaterialUpdate":false,"showSkybox":true,"showFlares":true,"showImageEffects":true,"showParticleSystems":true},"in2DMode":false,"pivot":{"x":16.600000381469728,"y":-15.100000381469727,"z":0.0},"rotation":{"x":0.053993579000234607,"y":0.20268294215202332,"z":-0.01117822527885437,"w":0.9777004718780518},"size":16.21742057800293,"orthographic":false}