{"cameraMode":{"drawMode":0,"name":"Shaded","section":"Shading Mode"},"sceneLighting":false,"audioPlay":false,"sceneViewState":{"showFog":true,"showMaterialUpdate":false,"showSkybox":true,"showFlares":true,"showImageEffects":true,"showParticleSystems":true},"in2DMode":false,"pivot":{"x":127.74430084228516,"y":-370.8700866699219,"z":-299.86260986328127},"rotation":{"x":0.023060424253344537,"y":-0.9611598253250122,"z":0.26167812943458559,"w":0.08472573012113571},"size":538.06982421875,"orthographic":false}